{"cameraMode":{"drawMode":0,"name":"Shaded","section":"Shading Mode"},"sceneLighting":true,"audioPlay":false,"sceneViewState":{"m_AlwaysRefresh":false,"showFog":true,"showSkybox":true,"showFlares":true,"showImageEffects":true,"showParticleSystems":true,"showVisualEffectGraphs":true,"m_FxEnabled":true},"in2DMode":false,"pivot":{"x":604.2150268554688,"y":1241.31494140625,"z":-1.3551716804504395},"rotation":{"x":0.017999008297920228,"y":0.001499756588600576,"z":-0.00002699853757803794,"w":0.9998368620872498},"size":547.5774536132813,"orthographic":true}